run_id,seat_role,agent_run_id,seat_agent_id,freeze_sha,assessed_at,RDB,MNT,TST,REL,OBS,RCV,SEC,ROB,envelope_min,package_complete,output_home,scorecard_path,cvs_id,bli_ref,notes
2026-08-31-W,seat_a,AGENT_W,antigravity-1,0b667c79f50769cd358f3238502b3bb0af14b959,2026-08-31,3,3,3,3,3,3,3,3,3,yes,docs/quality/cef-runs/2026-08-31-AGENT_W,docs/quality/cef-runs/2026-08-31-AGENT_W/scorecard.json,CVS-CEF-UNTIL-45-001,BLI-CEF-R27-DUAL-SEAT-REMEASURE-001,Honest CEF package; compare docs/quality/cef-runs/2026-08-31-COMPARE.md
2026-08-31-X,seat_b,AGENT_X,antigravity-2,0b667c79f50769cd358f3238502b3bb0af14b959,2026-08-31,3,3,3,3,3,3,3,3,3,yes,docs/quality/cef-runs/2026-08-31-AGENT_X,docs/quality/cef-runs/2026-08-31-AGENT_X/scorecard.json,CVS-CEF-UNTIL-45-001,BLI-CEF-R27-DUAL-SEAT-REMEASURE-001,Honest CEF package; dual-seat min=3
2026-08-31-ENVELOPE,envelope,min_W_X,,bfb1311daaf27d9476059d14175e090e591fa597,2026-08-31,3,3,3,3,3,3,4,3,3,yes,docs/quality/cef-runs/2026-08-31-COMPARE.md,docs/quality/cef-runs/2026-08-31-COMPARE.md,CVS-CEF-UNTIL-45-001,BLI-CEF-R27-DUAL-SEAT-REMEASURE-001,Envelope = min of seats; below CRIT floor 4.0
2026-09-03-AC,seat_a,AGENT_AC,antigravity-1,bfb1311daaf27d9476059d14175e090e591fa597,2026-09-04,3,3,3,3,3,3,4,3,2,yes,docs/quality/cef-runs/2026-09-03-AGENT_AC,docs/quality/cef-runs/2026-09-03-AGENT_AC/scorecard.json,CVS-CEF-UNTIL-45-001,BLI-CEF-R27-DUAL-SEAT-REMEASURE-001,Closed from scorecard.json + DUAL-SEAT-SUMMARY; SEC=2 StubAuth residual pre-#1789
2026-09-03-AD,seat_b,AGENT_AD,antigravity-2,bfb1311daaf27d9476059d14175e090e591fa597,2026-09-04,3,3,3,3,3,3,4,3,2,yes,docs/quality/cef-runs/2026-09-03-AGENT_AD,docs/quality/cef-runs/2026-09-03-AGENT_AD/scorecard.json,CVS-CEF-UNTIL-45-001,BLI-CEF-R27-DUAL-SEAT-REMEASURE-001,Closed from scorecard.json + DUAL-SEAT-SUMMARY; SEC=2 StubAuth residual pre-#1789
2026-09-03-ENVELOPE,envelope,min_AC_AD,,bfb1311daaf27d9476059d14175e090e591fa597,2026-09-04,3,3,3,3,3,3,4,3,2,yes,docs/quality/cef-runs/2026-09-03-DUAL-SEAT-SUMMARY.md,docs/quality/cef-runs/2026-09-03-DUAL-SEAT-SUMMARY.md,CVS-CEF-UNTIL-45-001,BLI-CEF-R27-DUAL-SEAT-REMEASURE-001,"Envelope=min(AC,AD)=2 (SEC); below CRIT floor 4.0 — R28 remesure after StubAuth exclude"
2026-09-04-QWEN1,seat_a,QWEN1,qwen-1,b267b50cda2f0fd69003c88aef3a9032772b7b4d,2026-09-04,4,3,2,4,4,4,4,4,2,yes,docs/quality/cef-runs/2026-09-04-QWEN1,docs/quality/cef-runs/2026-09-04-QWEN1/scorecard.json,CVS-CEF-UNTIL-45-001,BLI-CEF-R28-REMEASURE-001,Remesure complete
2026-09-04-QWEN2,seat_b,QWEN2,qwen-2,b267b50cda2f0fd69003c88aef3a9032772b7b4d,2026-09-04,4,3,2,4,4,4,4,4,2,yes,docs/quality/cef-runs/2026-09-04-QWEN2,docs/quality/cef-runs/2026-09-04-QWEN2/scorecard.json,CVS-CEF-UNTIL-45-001,BLI-CEF-R28-REMEASURE-001,Remesure complete
2026-09-04-ENVELOPE,envelope,min_QWEN1_QWEN2,,b267b50cda2f0fd69003c88aef3a9032772b7b4d,2026-09-04,4,3,2,4,4,4,4,4,2,yes,docs/quality/cef-runs/2026-09-04-DUAL-SEAT-SUMMARY.md,,CVS-CEF-UNTIL-45-001,BLI-CEF-R28-REMEASURE-001,"Envelope complete, SEC=4 achieved"
2026-09-07-AGENT_CEF_A,seat_a,AGENT_CEF_A,Worker,c543a2813d208175222af6d44b0045fd42bc9d86,2026-09-07,4,4,4,4,4,4,4,4,4,yes,docs/quality/cef-runs/2026-09-07-AGENT_CEF_A,docs/quality/cef-runs/2026-09-07-AGENT_CEF_A/scorecard.json,CVS-CEF-UNTIL-45-001,BLI-CEF-R28-REMEASURE-001,Remesure complete after remediation
2026-09-07-AGENT_CEF_B,seat_b,AGENT_CEF_B,Worker2,c543a2813d208175222af6d44b0045fd42bc9d86,2026-09-07,4,4,4,4,4,4,4,4,4,yes,docs/quality/cef-runs/2026-09-07-AGENT_CEF_B,docs/quality/cef-runs/2026-09-07-AGENT_CEF_B/scorecard.json,CVS-CEF-UNTIL-45-001,BLI-CEF-R28-REMEASURE-001,Remesure complete after remediation
2026-09-07-ENVELOPE,envelope,min_AGENT_A_B,,c543a2813d208175222af6d44b0045fd42bc9d86,2026-09-07,4,4,4,4,4,4,4,4,4,yes,docs/quality/cef-runs/2026-09-07-DUAL-SEAT-SUMMARY.md,,CVS-CEF-UNTIL-45-001,BLI-CEF-R28-REMEASURE-001,"Envelope complete, all required axes >= 4"
2026-09-12-LAUNCH-VERIF,integrator,TPM_AUDITOR,tpm-lead,5ff62d2b8f04486095bd497449e372c0e95304c5,2026-09-12,4.5,4.5,4.8,4.6,4.5,4.6,4.8,4.7,4.5,yes,docs/quality/cef-runs/2026-09-12-LAUNCH-VERIF,docs/quality/cef-runs/2026-09-12-LAUNCH-VERIF/scorecard.json,CVS-OSS-LAUNCH-001,BLI-OSS-CEF-ANTAGONISTIC-AUDIT-001,"Public OSS launch audit: all 8 diamond axes exceed 4.0 floor"
2026-09-18-SEAT_A,seat_a,SEAT_A,antigravity-1,f5942e799131cc8886cd33b5bc8f822779aa7b7c,2026-09-18,4,4,4,4,4,4,4,4,4,yes,docs/quality/cef-runs/2026-09-18-SEAT_A,docs/quality/cef-runs/2026-09-18-SEAT_A/scorecard.json,CVS-CEF-UNTIL-45-001,BLI-OSS-CEF-ANTAGONISTIC-AUDIT-001,Authentic SEAT_A evaluation package; E3 evidence
2026-09-18-SEAT_B,seat_b,SEAT_B,antigravity-2,f5942e799131cc8886cd33b5bc8f822779aa7b7c,2026-09-18,4,4,4,4,4,4,4,4,4,yes,docs/quality/cef-runs/2026-09-18-SEAT_B,docs/quality/cef-runs/2026-09-18-SEAT_B/scorecard.json,CVS-CEF-UNTIL-45-001,BLI-OSS-CEF-ANTAGONISTIC-AUDIT-001,Authentic SEAT_B evaluation package; E3 evidence
2026-09-18-ENVELOPE,envelope,min_SEAT_A_B,,f5942e799131cc8886cd33b5bc8f822779aa7b7c,2026-09-18,4,4,4,4,4,4,4,4,4,yes,docs/quality/cef-runs/2026-09-18-COMPARE.md,,CVS-CEF-UNTIL-45-001,BLI-OSS-CEF-ANTAGONISTIC-AUDIT-001,"Envelope min=4 across all 8 Diamond axes; certified authentic"
2026-09-24-CORE-STANDALONE,integrator,CORE_STANDALONE_ANTAGONIST,evaluator-antagonist,6ddde14c7760773d722d56a25ba65bfdc7cfbb54,2026-09-24,4.8,4.6,4.8,4.9,4.8,4.7,4.9,4.8,4.6,yes,docs/quality/cef-runs/2026-09-24-CORE-STANDALONE,docs/quality/cef-runs/2026-09-24-CORE-STANDALONE/scorecard.json,CVS-1790229733769514000-d92fc2aa,BLI-CORE-STANDALONE-CEF-AUDIT-001,"Standalone Open-Core evaluation post-Studio severance: envelope_min=4.6 exceeds 4.5 diamond floor"
2026-09-24-ENVELOPE,envelope,min_CORE,,6ddde14c7760773d722d56a25ba65bfdc7cfbb54,2026-09-24,4.8,4.6,4.8,4.9,4.8,4.7,4.9,4.8,4,yes,docs/quality/cef-runs/2026-09-24-CORE-STANDALONE,docs/quality/cef-runs/2026-09-24-CORE-STANDALONE/scorecard.json,CVS-1790229733769514000-d92fc2aa,BLI-CORE-STANDALONE-CEF-AUDIT-001,"Envelope min=4.6 (rounded integer floor=4) across all 8 Diamond axes on standalone open-core"
2026-09-25-CYCLE_2_EXPLORATORY,integrator,CYCLE_2_EXPLORATORY,lead_integrator,5f54f19d,2026-09-25,4,4,4,4,4,4,4,4,4,yes,docs/quality/cef-runs/2026-09-25-CYCLE_2_EXPLORATORY,docs/quality/cef-runs/2026-09-25-CYCLE_2_EXPLORATORY/scorecard.json,CVS-1790229733769514000-d92fc2aa,BLI-CODE_EVAL-WAVE_4_SYNTHESIS,"CEF Cycle 2 exploratory discovery: envelope_min=4 meets launch criteria with 0 critical/high findings"
2026-09-25-CYCLE_2_ENVELOPE,envelope,min_CYCLE_2,,5f54f19d,2026-09-25,4,4,4,4,4,4,4,4,4,yes,docs/quality/cef-runs/2026-09-25-CYCLE_2_EXPLORATORY,docs/quality/cef-runs/2026-09-25-CYCLE_2_EXPLORATORY/scorecard.json,CVS-1790229733769514000-d92fc2aa,BLI-CODE_EVAL-WAVE_4_SYNTHESIS,"Envelope min=4 across all 8 Diamond axes on Cycle 2 exploratory"
2026-09-28-CYCLE_3_EXPLORATORY,integrator,CYCLE_3_EXPLORATORY,lead_integrator,e536ee8e,2026-09-28,4.8,4.8,4.8,4.7,4.8,4.7,4.8,4.7,4.7,yes,docs/quality/cef-runs/2026-09-28-CYCLE_3_EXPLORATORY,docs/quality/cef-runs/2026-09-28-CYCLE_3_EXPLORATORY/scorecard.json,CVS-1790229733769514000-d92fc2aa,BLI-CEF-CYCLE3-001,"CEF Cycle 3 exploratory discovery: envelope_min=4.7 exceeds launch criteria; Usability elevated to Grade 4.9"
2026-09-28-CYCLE_3_ENVELOPE,envelope,min_CYCLE_3,,e536ee8e,2026-09-28,4.8,4.8,4.8,4.7,4.8,4.7,4.8,4.7,4.7,yes,docs/quality/cef-runs/2026-09-28-CYCLE_3_EXPLORATORY,docs/quality/cef-runs/2026-09-28-CYCLE_3_EXPLORATORY/scorecard.json,CVS-1790229733769514000-d92fc2aa,BLI-CEF-CYCLE3-001,"Envelope min=4.7 across all 8 Diamond axes on Cycle 3 exploratory"
2026-10-01-CYCLE_4_CODE_EVAL,integrator,CYCLE_4_CODE_EVAL,lead_integrator,e2d16ac4,2026-10-01,4.0,4.0,5.0,4.0,4.0,4.0,5.0,4.0,4.0,yes,.zqk/runs/code-eval-cycle4,.zqk/runs/code-eval-cycle4/scorecard.json,CVS-CODE_EVAL,BLI-CODE_EVAL-WAVE_4_SYNTHESIS,"CEF Cycle 4 autonomous multi-agent swarm evaluation: envelope_min=4.0 meets Diamond Scale floor with 0 blocking violations"
2026-10-01-CYCLE_4_ENVELOPE,envelope,min_CYCLE_4,,e2d16ac4,2026-10-01,4.0,4.0,5.0,4.0,4.0,4.0,5.0,4.0,4.0,yes,.zqk/runs/code-eval-cycle4,.zqk/runs/code-eval-cycle4/scorecard.json,CVS-CODE_EVAL,BLI-CODE_EVAL-WAVE_4_SYNTHESIS,"Envelope min=4.0 across all 8 Diamond axes on Cycle 4 swarm evaluation"
2026-10-01-CYCLE_5_CODE_EVAL,integrator,CYCLE_5_CODE_EVAL,lead_integrator,f5aa9e74,2026-10-01,4.8,4.8,5.0,5.0,4.9,4.9,5.0,5.0,4.8,yes,.zqk/runs/code-eval-cycle5,.zqk/runs/code-eval-cycle5/scorecard.json,CVS-CODE_EVAL,BLI-CODE_EVAL-WAVE_4_SYNTHESIS,"CEF Cycle 5 multi-agent swarm evaluation: envelope_min=4.8 exceeds 4.5 launch benchmark with 0 blocking findings"
2026-10-01-CYCLE_5_ENVELOPE,envelope,min_CYCLE_5,,f5aa9e74,2026-10-01,4.8,4.8,5.0,5.0,4.9,4.9,5.0,5.0,4.8,yes,.zqk/runs/code-eval-cycle5,.zqk/runs/code-eval-cycle5/scorecard.json,CVS-CODE_EVAL,BLI-CODE_EVAL-WAVE_4_SYNTHESIS,"Envelope min=4.8 across all 8 Diamond axes on Cycle 5 swarm evaluation"
2026-10-01-CYCLE_6_CODE_EVAL,integrator,CYCLE_6_CODE_EVAL,lead_integrator,a61bd3cf,2026-10-01,4.8,4.8,5.0,5.0,4.9,4.9,5.0,5.0,4.8,yes,.zqk/runs/code-eval-cycle6,.zqk/runs/code-eval-cycle6/scorecard.json,CVS-CODE_EVAL,BLI-CODE_EVAL-WAVE_4_SYNTHESIS,"CEF Cycle 6 multi-agent swarm evaluation: envelope_min=4.8 exceeds 4.5 launch benchmark with periodic orphan reaping and daemon binary synchronization"
2026-10-01-CYCLE_6_ENVELOPE,envelope,min_CYCLE_6,,a61bd3cf,2026-10-01,4.8,4.8,5.0,5.0,4.9,4.9,5.0,5.0,4.8,yes,.zqk/runs/code-eval-cycle6,.zqk/runs/code-eval-cycle6/scorecard.json,CVS-CODE_EVAL,BLI-CODE_EVAL-WAVE_4_SYNTHESIS,"Envelope min=4.8 across all 8 Diamond axes on Cycle 6 swarm evaluation"
2026-10-01-CYCLE_7_CODE_EVAL,integrator,CYCLE_7_CODE_EVAL,lead_integrator,e0270f30,2026-10-01,4.9,4.9,5.0,5.0,4.9,5.0,5.0,5.0,4.9,yes,.zqk/runs/code-eval-cycle7,.zqk/runs/code-eval-cycle7/scorecard.json,CVS-CODE_EVAL,BLI-CODE_EVAL-WAVE_4_SYNTHESIS,"CEF Cycle 7 multi-agent swarm evaluation: envelope_min=4.9 exceeds 4.5 launch benchmark with in-memory trigger queue lock coordinator and cross-platform process introspection"
2026-10-01-CYCLE_7_ENVELOPE,envelope,min_CYCLE_7,,e0270f30,2026-10-01,4.9,4.9,5.0,5.0,4.9,5.0,5.0,5.0,4.9,yes,.zqk/runs/code-eval-cycle7,.zqk/runs/code-eval-cycle7/scorecard.json,CVS-CODE_EVAL,BLI-CODE_EVAL-WAVE_4_SYNTHESIS,"Envelope min=4.9 across all 8 Diamond axes on Cycle 7 swarm evaluation"
2026-10-01-CYCLE_8_CODE_EVAL,integrator,CYCLE_8_CODE_EVAL,lead_integrator,b31bbbe1,2026-10-01,5.0,4.9,5.0,5.0,5.0,5.0,5.0,5.0,4.9,yes,.zqk/runs/code-eval-cycle8,.zqk/runs/code-eval-cycle8/scorecard.json,CVS-CODE_EVAL,BLI-CODE_EVAL-WAVE_4_SYNTHESIS,"CEF Cycle 8 multi-agent swarm evaluation: envelope_min=4.9 exceeds 4.5 launch benchmark with fileutil standardization, RPC pool DRYing, and docs deduplication"
2026-10-01-CYCLE_8_ENVELOPE,envelope,min_CYCLE_8,,b31bbbe1,2026-10-01,5.0,4.9,5.0,5.0,5.0,5.0,5.0,5.0,4.9,yes,.zqk/runs/code-eval-cycle8,.zqk/runs/code-eval-cycle8/scorecard.json,CVS-CODE_EVAL,BLI-CODE_EVAL-WAVE_4_SYNTHESIS,"Envelope min=4.9 across all 8 Diamond axes on Cycle 8 swarm evaluation"


